probabilités,180.000000
optimisationlin,220.000000
éthique,120.000000
comptabilité,180.000000
java,90.000000
